insert into dmsach value ('DMS1','Văn Học','Nên học hỏi');
insert into dmsach value ('DMS2','Khoa học','Khám phá');
insert into dmsach value ('DMS3','Chính trị','Nên đọc');
insert into dmsach value ('DMS4','Tôn Giáo','Nên tìm hiểu');
insert into dmsach value ('DMS5','Thiếu nhi','Thú vị');

insert into dmdochoi value ('DMDC1','Nhóm 0-3 tuổi','Dành cho trẻ sơ sinh');
insert into dmdochoi value ('DMDC2','Nhóm 4-8 tuổi','Dành cho trẻ nhỏ');
insert into dmdochoi value ('DMDC3','Nhóm trên 8 tuổi','Dành cho trẻ lớn');

insert into dmdungcu value ('DMDC1','Tiểu học','Bố mẹ mua cho');
insert into dmdungcu value ('DMDC2','Trung học','Tự mua');
insert into dmdungcu value ('DMDC3','Phổ thông','Tự sắm');

insert into loaikhachhang value ('LKH01','Thường');
insert into loaikhachhang value ('LKH02','VIP1');
insert into loaikhachhang value ('LKH03','VIP2');

insert into nhanvien values('NV01','Ngô Minh Cường','1999/09/28','Nhân Viên','0777941772','NgoMinhCuong@gmail.com','Quảng Nam');
insert into nhanvien values('NV02','Trần Hoàng Anh','1999/12/26','Phó giám đốc','0913002441','TranHoangAnh@gmail.com','Quảng Bình');
insert into nhanvien values('NV03','Hoàng Tuấn Mạnh','1999/09/28','Thư kí','0913002441','HoangTuanMang@gmail.com','Quảng Bình');
insert into nhanvien values('NV04','Nguyen Viết Trọng','1999/03/07','Nhân Viên','0363215351','NguyenVietTrong@gmail.com','Quảng Ngãi');
insert into nhanvien values('NV05','Nguyễn Thái Bảo','1999/03/07','Giám đốc','0913362157','NguyenThaiBao@gmail.com','Quảng Bình');
insert into nhanvien values('NV06','Nguyễn Văn Hồng','1999/08/07','Nhân Viên','0996325874','NguyenVanHong@gmail.com','Quảng Nam');
insert into nhanvien values('NV07','Lê Thị Thu Thảo','1999/08/09','Nhân Viên','0986352147','LeThiThuThao@gmail.com','Quảng Bình');
insert into nhanvien values('NV08','Hà Long Hải','1999/03/07','Nhân Viên','0362158742','HaLongHai@gmail.com','Quảng Nam');
insert into nhanvien values('NV09','Nguyễn Hậu','1999/03/07','Nhân Viên','0998512362','NguyenHau@gmail.com','Đà Nẵng');
insert into nhanvien values('NV10','Võ Văn Thắng','1999/08/22','Nhân Viên','0965123748','VoVanThang@gmail.com','Quảng Nam');

insert into khachhang values('KH01','Nguyễn Văn Bình','NguyenVanBinh@gmail.com','0363688925','2002/1/2','LKH01');
insert into khachhang values('KH02','Nguyễn Văn Danh','NguyenVanDanh@gmail.com','0363685525','1999/11/2','LKH02');
insert into khachhang values('KH03','Trần Hoàng Anh','TranHoangAnh@gmail.com','0363812001','2000/12/10','LKH03');
insert into khachhang values('KH04','Nguyễn Văn Hóa','NguyenVanHoa@gmail.com','036389440','2001/1/2','LKH02');
insert into khachhang values('KH05','Nguyễn Thành Văn','NguyenThanhVan@gmail.com','036389440','2002/12/23','LKH03');
insert into khachhang values('KH06','Dương Văn Hữu','DuongVanHuu@gmail.com','036365621','2000/08/21','LKH01');
insert into khachhang values('KH07','Nguyễn Triều Tiên','NguyenTrieuTien@gmail.com','036946381','1999/04/28','LKH03');
insert into khachhang values('KH08','Lê Thị Thúy','LeThiThuy@gmail.com','030143518','2001/09/12','LKH02');
insert into khachhang values('KH09','Dương Văn Bình','DuongVanBinh@gmail.com','070341982','2001/06/24','LKH03');
insert into khachhang values('KH10','Nguyễn Văn Tiến','NguyenVanTien@gmail.com','032483195','2000/10/27','LKH01');

insert into sanphamsach values('SPS1','ANIMORPHS - NGƯỜI HÓA','100','54400','quyển','DMS5','Hội nhà văn','2019','K.A Applegate','2019/11/27',1);
insert into sanphamsach values('SPS2',N'BÍ ẨN VỀ CON CHÓ LÚC NỬA ĐÊM','100','60000','quyển','DMS2','Văn Học','2019','Mark Haddon','2019/11/07',1);
insert into sanphamsach values('SPS3',N'TÔI LÀ AI VÀ NẾU VẬY THÌ BAO NHIÊU','50','116000','quyển','DMS3','Thế giới','2018','Mary Roach','2018/10/27',2);
insert into sanphamsach values('SPS4',N'TOÁN HỌC, MỘT THIÊN TIỂU THUYẾT','20','88000','quyển','DMS2','Thế giới','2019','Mickaël Launay','2019/05/16',2);
insert into sanphamsach values('SPS5',N'HỌC KIỂU MỸ TẠI NHÀ','100','94400','quyển','DMS1','Thế giới','2019','Hong Dinh','2019/04/10',1);
insert into sanphamsach values('SPS6',N'21 BÀI HỌC CHO THẾ KỶ 21','188','167200','quyển','DMS4','Thế giới','2018','Yuval Noah Harari','2019/02/10',1);
insert into sanphamsach values('SPS7',N'HOA VẪN NỞ MỖI NGÀY','55','187000','quyển','DMS1','Hà Nội','2020','Valérie Perrin','2020/11/03',1);
insert into sanphamsach values('SPS8',N'CHÚC MẸ NGỦ NGON','66','116000','quyển','DMS1','Hà Nội','2020','Thomas Cathcart - Daniel Klein','2020/09/21',1);
insert into sanphamsach values('SPS9',N'NÓI LUÔN CHO NÓ VUÔNG','63','72000','quyển','DMS1','Thế giới','2018','Steve Harvey','2018/09/30',1);
insert into sanphamsach values('SPS10',N'TRIẾT HỌC NGHỆ THUẬT CỦA HEIDEGGER','30','128000','quyển','DMS5','Thế Giới','2020','Julian Young','2020/03/01',1);

